codigo_expediente,nombre_archivo,ruta_almacenamiento,sha256_completo,tamano_bytes
4.26/28510.0020,ADJUDICACION_1.pdf,4.26_28510.0020/ADJUDICACION_d94b34218a61835a.pdf,d94b34218a61835af5393d3f11870ef8893ffba1629422b6114b54970d40a673,168178
4.26/28510.0020,ANEJO_1.pdf,4.26_28510.0020/ANEJO_8f2a33dd634a5454.pdf,8f2a33dd634a545429f80a134356a71fdc65f8435059503734946056d3146e93,1140434
4.26/28510.0020,ANEJO_2.pdf,4.26_28510.0020/ANEJO_959f80b9060d83f6.pdf,959f80b9060d83f6be41c156735c36376670918c9570ef926c19353e37bc7b40,1942001
4.26/28510.0020,CONTRATO_1.pdf,4.26_28510.0020/CONTRATO_04921afe8024814a.pdf,04921afe8024814a17b0b14e2ab05f669ce29d9b5e0e240ab7f095ad144c2d88,4876016
4.26/28510.0020,CONTRATO_2.pdf,4.26_28510.0020/CONTRATO_7cf09d1b34e4e47f.pdf,7cf09d1b34e4e47f5e3c087b7f11ff1eb5e768d9b25a3f1fca3a86af90173c1f,4875851
4.26/28510.0020,PLIEGO_1.pdf,4.26_28510.0020/PLIEGO_f6c9f30a1877b379.pdf,f6c9f30a1877b3797928eb7e0c93b484629de1874f09e8018ddc72066bbd4118,36023
6.20/28510.0054,ADJUDICACION_1.pdf,6.20_28510.0054/ADJUDICACION_761e9990943d01df.pdf,761e9990943d01df710dc8aaa9a99e768b01024daa746259044c5841bae5743d,274493
6.20/28510.0054,ANEJO_1.pdf,6.20_28510.0054/ANEJO_64f34ebf8499a321.pdf,64f34ebf8499a32188dcd2820b6a57e6fc1628be6bb9c5fbd5fe6db8359d10be,466560
6.20/28510.0054,ANEJO_2.pdf,6.20_28510.0054/ANEJO_93e1e815771f4146.pdf,93e1e815771f41460c41cca2de1a5a3bcf02874dec0adb197b66e47695182fd0,2106078
6.20/28510.0054,ANEJO_3.pdf,6.20_28510.0054/ANEJO_c6084791beee8471.pdf,c6084791beee8471f49545afa0c7c9be4c1425360696562a3b16a12dab605623,1452876
6.20/28510.0054,ANEJO_4.pdf,6.20_28510.0054/ANEJO_9b556b4e51cb037f.pdf,9b556b4e51cb037f3ccb0675cfba1ac70f211adc84ed7b9d00ba22ca9c54d2b7,266412
6.20/28510.0054,ANEJO_5.pdf,6.20_28510.0054/ANEJO_09462419a5fdad04.pdf,09462419a5fdad04d22626b0397a18b85df15c8da234bbc482947c6a18b384c4,45227
6.20/28510.0054,ANEJO_6.pdf,6.20_28510.0054/ANEJO_3d6f91e10e1f2430.pdf,3d6f91e10e1f2430f182d2614f6bcbed49193215a5e653d3dac241db69ab6d1b,241667
6.20/28510.0054,ANEJO_7.pdf,6.20_28510.0054/ANEJO_22d70482489442f2.pdf,22d70482489442f23e35123a6509af120e4f58c430b3774cf2bf7b42408638f4,32990
6.20/28510.0054,ANEJO_8.pdf,6.20_28510.0054/ANEJO_6ab4839ccf049347.pdf,6ab4839ccf0493478b822e5b1c52adc038a492e5ab0c5b5e3ec5f497b4ce8f8b,1031606
6.20/28510.0054,CONTRATO_1.pdf,6.20_28510.0054/CONTRATO_e68dd968406004ca.pdf,e68dd968406004ca2a0946266d7c799702362818c0d689ae432aa623b034a543,2397488
6.20/28510.0054,CONTRATO_2.pdf,6.20_28510.0054/CONTRATO_b77dfe4d8c537500.pdf,b77dfe4d8c53750020abfef49032321982fcf26d63641a520bb4b1d3ba9b639f,2412696
6.20/28510.0054,PLIEGO_1.pdf,6.20_28510.0054/PLIEGO_00d7a4e18a75b5e2.pdf,00d7a4e18a75b5e201e8a11ef9b3ab2b64fca7d8ee182eb6402c9c43c7430c8c,99843
6.20/28510.0094,ADJUDICACION_1.pdf,6.20_28510.0094/ADJUDICACION_9516e4fd05a69b70.pdf,9516e4fd05a69b7011270560f9ed247f576f113415c34aaa98ace3f2076d8142,131019
6.20/28510.0094,ANEJO_1.pdf,6.20_28510.0094/ANEJO_04fefc803c2a9411.pdf,04fefc803c2a9411034eea1da1cb489d7e030ba9ba5529c5ad91682f06c05f25,189538
6.20/28510.0094,ANEJO_2.pdf,6.20_28510.0094/ANEJO_c5efa7f95273a32b.pdf,c5efa7f95273a32b7e1c7caf3769a1a729b1a8987a3076f893f9191d9dd80922,2229616
6.20/28510.0094,ANEJO_3.pdf,6.20_28510.0094/ANEJO_0a07d23c4461194d.pdf,0a07d23c4461194dcdcee8373f783c50ce66c76eae7e7964fd30c5fa3c16df19,295591
6.20/28510.0094,CONTRATO_1.pdf,6.20_28510.0094/CONTRATO_a08c566dd0312276.pdf,a08c566dd0312276c4d69a12f7876fcbcc9f362554ff0d14525ccd6b36dee6ed,2940918
6.20/28510.0094,CONTRATO_2.pdf,6.20_28510.0094/CONTRATO_15da3af52976ad22.pdf,15da3af52976ad22d01cc8ac7d182fed6bbc813fff8e8d4033dc4da67cf11d1a,1894344
6.20/28510.0094,PLIEGO_1.pdf,6.20_28510.0094/PLIEGO_bb5a8f93c817985c.pdf,bb5a8f93c817985c26d0e6ef501b9287254f4f54f60a10c752f98f900f5ee3b8,85903
6.20/28510.0136,6.20_28510.0136_ADJUDICACION_1.pdf,6.20_28510.0136/6.20_28510.0136_ADJUDICACION_1_9265f5264a47520f.pdf,9265f5264a47520ffa05cf340278be649b8797b7fd680e10a573e6d41dafdb27,137088
6.20/28510.0136,6.20_28510.0136_ANEJO_1.pdf,6.20_28510.0136/6.20_28510.0136_ANEJO_1_7ffc6085f03d0eec.pdf,7ffc6085f03d0eec2dc001f2bd1814348273aea359b600a40b97d2ff23eeeaf2,241634
6.20/28510.0136,6.20_28510.0136_ANEJO_2.pdf,6.20_28510.0136/6.20_28510.0136_ANEJO_2_f6a90fb0e7f24554.pdf,f6a90fb0e7f245545b5483a4c08b691ffebf27baf84316d2d7849a584fffb633,5991248
6.20/28510.0136,6.20_28510.0136_ANEJO_3.pdf,6.20_28510.0136/6.20_28510.0136_ANEJO_3_c830f61ea87bd097.pdf,c830f61ea87bd097ec9fea162e71d5bb3ce521c90739e7deeae01dbcdd38dc08,702494
6.20/28510.0136,6.20_28510.0136_ANEJO_4.pdf,6.20_28510.0136/6.20_28510.0136_ANEJO_4_7edde6c136a971b5.pdf,7edde6c136a971b54e2f76e02917e4473bba3203750542ee59def51836bceb8a,46704
6.20/28510.0136,6.20_28510.0136_CONTRATO_1.pdf,6.20_28510.0136/6.20_28510.0136_CONTRATO_1_0c5c9d0c8b439050.pdf,0c5c9d0c8b439050009ecfc7463a079f68bc174e4aa134faf688e7e004a3ac80,2223299
6.20/28510.0136,6.20_28510.0136_Documento_de_Pliegos_1.pdf,6.20_28510.0136/6.20_28510.0136_Documento_de_Pliegos_1_e6c893a00e4857ba.pdf,e6c893a00e4857ba502f951208f6d348dfd76894a41c16436c61563ee1e57276,85541
6.23/28510.0018,6.23_28510.0018_ADJUDICACION_1.pdf,6.23_28510.0018/6.23_28510.0018_ADJUDICACION_1_478ad306d73a8c45.pdf,478ad306d73a8c45e6dfcc1037704efac396367f226686fbcd268c6926d1db42,132281
6.23/28510.0018,6.23_28510.0018_ANEJO_1.pdf,6.23_28510.0018/6.23_28510.0018_ANEJO_1_36323f0065b7a524.pdf,36323f0065b7a524bace1ac8ec81a40bf7729b0949cb50850fc3bd2517830ce2,286840
6.23/28510.0018,6.23_28510.0018_ANEJO_2.pdf,6.23_28510.0018/6.23_28510.0018_ANEJO_2_97964d42339aeb44.pdf,97964d42339aeb4437d13eeaff8968845fc937f1900b5fccf964404f3c339fe2,1441765
6.23/28510.0018,6.23_28510.0018_CONTRATO_1.pdf,6.23_28510.0018/6.23_28510.0018_CONTRATO_1_b84595f96b15d97a.pdf,b84595f96b15d97aa1bbb75298a3432587a44e32299b2aabce08f6d0be7d1bfe,2206843
6.23/28510.0018,6.23_28510.0018_Documento_de_Pliegos_1.pdf,6.23_28510.0018/6.23_28510.0018_Documento_de_Pliegos_1_4f3a5cedb184b857.pdf,4f3a5cedb184b8573072815e485d8dbe01cdb6442698c430c63ce8ecd4199f0b,20059
6.23/28510.0042,6.23_28510.0042_ADJUDICACION_1.pdf,6.23_28510.0042/6.23_28510.0042_ADJUDICACION_1_2ae06efa576af3c4.pdf,2ae06efa576af3c43e2bee64f81a2db5b5d294c67dc36e4c32a09ce6acfa6058,133396
6.23/28510.0042,6.23_28510.0042_ANEJO_1.pdf,6.23_28510.0042/6.23_28510.0042_ANEJO_1_a91f07fefa71aa74.pdf,a91f07fefa71aa74297de5c744503ca4b4df53bc5c66ca03474e553da2e224ff,306064
6.23/28510.0042,6.23_28510.0042_ANEJO_2.pdf,6.23_28510.0042/6.23_28510.0042_ANEJO_2_e62b69c3f864ed0f.pdf,e62b69c3f864ed0f7ef3481f564d089996cb3ce59dc5a8ce398b24e45c3d2560,1542061
6.23/28510.0042,6.23_28510.0042_ANEJO_3.pdf,6.23_28510.0042/6.23_28510.0042_ANEJO_3_605dc30a6fb97f10.pdf,605dc30a6fb97f1054b4aa96f7295ee030b12eb0f770d0f596e25a0c3e10a4b5,849817
6.23/28510.0042,6.23_28510.0042_CONTRATO_1.pdf,6.23_28510.0042/6.23_28510.0042_CONTRATO_1_f8f5a2b1d4ee525c.pdf,f8f5a2b1d4ee525ccabaf7e249152ce6e16bdae5c79d1a0d733c6a39ece479bb,2969294
6.23/28510.0042,6.23_28510.0042_Documento_de_Pliegos_1.pdf,6.23_28510.0042/6.23_28510.0042_Documento_de_Pliegos_1_a8166e6f4efc92f5.pdf,a8166e6f4efc92f5d89b88e2cd21c1132a9e9df6d6cf9affc8dab5dc59e2178f,25785
6.23/28510.0051,6.23_28510.0051_ADJUDICACION_1.pdf,6.23_28510.0051/6.23_28510.0051_ADJUDICACION_1_11222f30b4250808.pdf,11222f30b42508089b12b432307b00c03be4d73e84f2da0c791da0af8ec14517,133472
6.23/28510.0051,6.23_28510.0051_ANEJO_1.pdf,6.23_28510.0051/6.23_28510.0051_ANEJO_1_a34d7865f455c7d2.pdf,a34d7865f455c7d22849458e5c94a7487d66d9daa25899c21b605e013649aeee,1217203
6.23/28510.0051,6.23_28510.0051_ANEJO_2.pdf,6.23_28510.0051/6.23_28510.0051_ANEJO_2_cd8e74b0f2867ca2.pdf,cd8e74b0f2867ca2867bb8c096dccdf15ff3ff6dce08608a35fd2a4cc50965ac,1678365
6.23/28510.0051,6.23_28510.0051_ANEJO_3.pdf,6.23_28510.0051/6.23_28510.0051_ANEJO_3_9d725c710163f3db.pdf,9d725c710163f3db7faca3e072fc5de28a365168bcfb615b517e2fae6554e520,123651
6.23/28510.0051,6.23_28510.0051_CONTRATO_1.pdf,6.23_28510.0051/6.23_28510.0051_CONTRATO_1_7e4b45e9a3c7bc80.pdf,7e4b45e9a3c7bc80e6c97494493d914e7b16c24f0972bbbd2356baa791e46a10,3535543
6.23/28510.0051,6.23_28510.0051_CONTRATO_2.pdf,6.23_28510.0051/6.23_28510.0051_CONTRATO_2_ea5b7015f73c5568.pdf,ea5b7015f73c55685a123907f18fe5fdfaa67d2fe85b8592ea1e3e7d5a19f02d,3368994
6.23/28510.0051,6.23_28510.0051_Documento_de_Pliegos_1.pdf,6.23_28510.0051/6.23_28510.0051_Documento_de_Pliegos_1_38f15deab03c753c.pdf,38f15deab03c753c5b78a67eece601be09dafbfcdbe1d58c705f8e29a364909e,22920
6.23/28510.0066,6.23_28510.0066_ADJUDICACION_1.pdf,6.23_28510.0066/6.23_28510.0066_ADJUDICACION_1_82fe05ea2067ca50.pdf,82fe05ea2067ca50e9e50424311071ad7e380fb576a5412c618c669f97f9c82a,153569
6.23/28510.0066,6.23_28510.0066_ANEJO_1.pdf,6.23_28510.0066/6.23_28510.0066_ANEJO_1_7ce6d5ea00216d46.pdf,7ce6d5ea00216d46e22d28f8afe95156116da879c0c9d80b82a6183924e8f5a4,452337
6.23/28510.0066,6.23_28510.0066_ANEJO_2.pdf,6.23_28510.0066/6.23_28510.0066_ANEJO_2_732956b702f491a0.pdf,732956b702f491a09346cebb1b735bb5896ec78309beeb0e3ebf0a0c4900f8d4,1560015
6.23/28510.0066,6.23_28510.0066_CONTRATO_1.pdf,6.23_28510.0066/6.23_28510.0066_CONTRATO_1_4991a192286b06c0.pdf,4991a192286b06c0fbf7aa6ffb16c236fa433957740b4e76fd3af9e9219b1557,4224699
6.23/28510.0066,6.23_28510.0066_CONTRATO_2.pdf,6.23_28510.0066/6.23_28510.0066_CONTRATO_2_b40699b0b9274f7e.pdf,b40699b0b9274f7e3c2647d3dd57ccc49c40bb11846e02275f67f132f884ae4c,4172530
6.23/28510.0066,6.23_28510.0066_Documento_de_Pliegos_1.pdf,6.23_28510.0066/6.23_28510.0066_Documento_de_Pliegos_1_9beaad85eb430a76.pdf,9beaad85eb430a7692eb3725c835409d90f6d4c4a93d4d6d864c7106825224a0,21824
6.23/28510.0102,6.23_28510.0102_ADJUDICACION_1.pdf,6.23_28510.0102/6.23_28510.0102_ADJUDICACION_1_e1b9991c84efc871.pdf,e1b9991c84efc871061d17d0a10c31952dc726130f57f8152b0f71538ce95e25,152338
6.23/28510.0102,6.23_28510.0102_ANEJO_1.pdf,6.23_28510.0102/6.23_28510.0102_ANEJO_1_ba929f966e19f515.pdf,ba929f966e19f5156f8a2de5cbd143c986570c13d3424ce393175e9d16d636c7,247994
6.23/28510.0102,6.23_28510.0102_ANEJO_2.pdf,6.23_28510.0102/6.23_28510.0102_ANEJO_2_c52035f464b16835.pdf,c52035f464b16835d4ad81efdd0e9123b73b4415202476639d9ce727ce74a58e,2569597
6.23/28510.0102,6.23_28510.0102_ANEJO_3.pdf,6.23_28510.0102/6.23_28510.0102_ANEJO_3_4a3cabcb956eeb2a.pdf,4a3cabcb956eeb2aaff2191c1365b5a2cc050792ccc42089cee24154bbe54353,160310
6.23/28510.0102,6.23_28510.0102_CONTRATO_1.pdf,6.23_28510.0102/6.23_28510.0102_CONTRATO_1_1035fa94afa78d8e.pdf,1035fa94afa78d8e4a3fceee58077e31e7e2b4df7a02324450be1c446a3c8901,2965467
6.23/28510.0102,6.23_28510.0102_Documento_de_Pliegos_1.pdf,6.23_28510.0102/6.23_28510.0102_Documento_de_Pliegos_1_5c5d1b342371c10f.pdf,5c5d1b342371c10f2bf65bb374ba1ac48e227cffe2493e5c9a0a6e121793bb87,20597
6.23/28510.0104,6.23_28510.0104_ADJUDICACION_1.pdf,6.23_28510.0104/6.23_28510.0104_ADJUDICACION_1_614c9657a12457cd.pdf,614c9657a12457cd5fb06938e91ccbc170ca4031c78b70f7265781b32dbcfff0,1073228
6.23/28510.0104,6.23_28510.0104_ANEJO_1.pdf,6.23_28510.0104/6.23_28510.0104_ANEJO_1_142b15210e8f1199.pdf,142b15210e8f1199c8251af24d07df8594bc26b088adf35c2d592c6fd398bde3,336297
6.23/28510.0104,6.23_28510.0104_ANEJO_2.pdf,6.23_28510.0104/6.23_28510.0104_ANEJO_2_81929f1a04134a46.pdf,81929f1a04134a46e7320b4a3ed83d3b4648d1620930559f4acd5aa6e0a0d295,1546670
6.23/28510.0104,6.23_28510.0104_CONTRATO_1.pdf,6.23_28510.0104/6.23_28510.0104_CONTRATO_1_ddeb2faf9c0c01dd.pdf,ddeb2faf9c0c01dde09a7524df90d501c854917846c6d84466ff5feb598b359e,18667
6.23/28510.0104,6.23_28510.0104_Documento_de_Pliegos_1.pdf,6.23_28510.0104/6.23_28510.0104_Documento_de_Pliegos_1_8ba496daec12e977.pdf,8ba496daec12e977e85dac0710daa125a2716dd022c8c10dbebf3e4a3a4ff2bd,19035
6.23/28510.0109,6.23_28510.0109_ADJUDICACION_1.pdf,6.23_28510.0109/6.23_28510.0109_ADJUDICACION_1_9de56c91a915be2c.pdf,9de56c91a915be2c27998a768105b84e42b9a9d7b2fa643f88249b05bdc12972,135021
6.23/28510.0109,6.23_28510.0109_ANEJO_1.pdf,6.23_28510.0109/6.23_28510.0109_ANEJO_1_ccb94760d2ade8e1.pdf,ccb94760d2ade8e150aa85fe87aab9af99e160653ce05b3618551ad3d02cdb8a,364944
6.23/28510.0109,6.23_28510.0109_ANEJO_2.pdf,6.23_28510.0109/6.23_28510.0109_ANEJO_2_aeaa6f2f9a525a4b.pdf,aeaa6f2f9a525a4b00c35d0378aab7a26d0b5baecd7cc5add3d95e82c4fd225d,1473594
6.23/28510.0109,6.23_28510.0109_CONTRATO_1.pdf,6.23_28510.0109/6.23_28510.0109_CONTRATO_1_015126e7b85380e7.pdf,015126e7b85380e7194888ff8ee78b7a6669871af58cd54dc0326f5da14d1199,4171483
6.23/28510.0109,6.23_28510.0109_CONTRATO_2.pdf,6.23_28510.0109/6.23_28510.0109_CONTRATO_2_0fc235c6ee0f1d62.pdf,0fc235c6ee0f1d6261787b51c005d6edf1b5b6b3e0af471a942ed36d0beab343,4111636
6.23/28510.0109,6.23_28510.0109_Documento_de_Pliegos_1.pdf,6.23_28510.0109/6.23_28510.0109_Documento_de_Pliegos_1_d1629f15ef920631.pdf,d1629f15ef920631d4abbf9a097c5fb67c9f603a5583e0275c1d52baf03c165f,87977
6.23/28510.0129,6.23_28510.0129_ADJUDICACION_1.pdf,6.23_28510.0129/6.23_28510.0129_ADJUDICACION_1_2d63badfb28b848e.pdf,2d63badfb28b848e936927581c28ac7a160a8a1c9c6689485a8f5881de6c0073,147999
6.23/28510.0129,6.23_28510.0129_ANEJO_1.pdf,6.23_28510.0129/6.23_28510.0129_ANEJO_1_16b92c8a75655c91.pdf,16b92c8a75655c91236ac3a0eadeeaf94cb8be29db7136f99a04ade63168da0b,358322
6.23/28510.0129,6.23_28510.0129_ANEJO_2.pdf,6.23_28510.0129/6.23_28510.0129_ANEJO_2_e8adf51c6f502bbd.pdf,e8adf51c6f502bbd440f5e1ae18ca1b676c9c461619f0203bf90d63845b91346,1607651
6.23/28510.0129,6.23_28510.0129_CONTRATO_1.pdf,6.23_28510.0129/6.23_28510.0129_CONTRATO_1_b2c9f7351f67b783.pdf,b2c9f7351f67b783339ce1e90d8dcb6ffbd33631d2bb01f4f941edd01f66c091,2331956
6.23/28510.0129,6.23_28510.0129_Documento_de_Pliegos_1.pdf,6.23_28510.0129/6.23_28510.0129_Documento_de_Pliegos_1_0ac0ded3040a0478.pdf,0ac0ded3040a047831f68e730ef135ff87b80820010acb9a837b3f6a94632517,24944
6.23/28510.0139,6.23_28510.0139_ADJUDICACION_1.pdf,6.23_28510.0139/6.23_28510.0139_ADJUDICACION_1_9a3098fca05c05f4.pdf,9a3098fca05c05f43b4d8383608211c343c7ed18b5dc10928cf61165441232b1,24026
6.23/28510.0139,6.23_28510.0139_ANEJO_1.pdf,6.23_28510.0139/6.23_28510.0139_ANEJO_1_7520d9a654f1a5e5.pdf,7520d9a654f1a5e5a072b55c808db832032b22f95ef9f45d0b8c88775d536002,310153
6.23/28510.0139,6.23_28510.0139_ANEJO_2.pdf,6.23_28510.0139/6.23_28510.0139_ANEJO_2_0fb8c391602ed50b.pdf,0fb8c391602ed50bc3c36bc749583125cbe9888800d9e184527ffe63c9bd1ee3,1548026
6.23/28510.0139,6.23_28510.0139_ANEJO_3.pdf,6.23_28510.0139/6.23_28510.0139_ANEJO_3_da96844a38a8ec8d.pdf,da96844a38a8ec8dbd5dc0123f06d9bbf9bc15bdeabffc6daa741ca7a0000847,184300
6.23/28510.0139,6.23_28510.0139_CONTRATO_1.pdf,6.23_28510.0139/6.23_28510.0139_CONTRATO_1_af3646a1e29f8cea.pdf,af3646a1e29f8cea121ba09b0b84fb5ee2f3c262adce6d323e697ab88afbcdc5,12636084
6.23/28510.0139,6.23_28510.0139_CONTRATO_2.pdf,6.23_28510.0139/6.23_28510.0139_CONTRATO_2_f5969559f940706d.pdf,f5969559f940706dc6f291ec7732f62d95eda14dcaee380cf7404bab0e327a0d,12373691
6.23/28510.0139,6.23_28510.0139_Documento_de_Pliegos_1.pdf,6.23_28510.0139/6.23_28510.0139_Documento_de_Pliegos_1_153ca8e0ca98b02b.pdf,153ca8e0ca98b02b6d5f9422dc574d3366a9e30e3e3e194b6c7b845b87b4f3f4,32063
6.24/28510.0008,6.24_28510.0008_ADJUDICACION_1.pdf,6.24_28510.0008/6.24_28510.0008_ADJUDICACION_1_5970446fd6a51e34.pdf,5970446fd6a51e34e486793cc9439e97eaba62f7d3bb7b825b1be63748e95ead,153461
6.24/28510.0008,6.24_28510.0008_ANEJO_1.pdf,6.24_28510.0008/6.24_28510.0008_ANEJO_1_3321f3acfb89353b.pdf,3321f3acfb89353bcc728639b52ff8e2a29bf161d2b1f60f0697d3e2bb85f112,337541
6.24/28510.0008,6.24_28510.0008_ANEJO_2.pdf,6.24_28510.0008/6.24_28510.0008_ANEJO_2_c4ae836ac816b3a1.pdf,c4ae836ac816b3a1813e7f650d93e22df901a40bcc88030aaa0a03ab7c271203,2256471
6.24/28510.0008,6.24_28510.0008_ANEJO_3.pdf,6.24_28510.0008/6.24_28510.0008_ANEJO_3_f967d012878e7da6.pdf,f967d012878e7da6254350e8426351bff24541e3359cfcd890a8ba3dbfaf45eb,359921
6.24/28510.0008,6.24_28510.0008_CONTRATO_1.pdf,6.24_28510.0008/6.24_28510.0008_CONTRATO_1_f30bbec30528d829.pdf,f30bbec30528d8296e0baca0450370b832fb68d31aef5ddaad871b65e9817499,5101442
6.24/28510.0008,6.24_28510.0008_Documento_de_Pliegos_1.pdf,6.24_28510.0008/6.24_28510.0008_Documento_de_Pliegos_1_5afbc7a2a194f3b7.pdf,5afbc7a2a194f3b7b06bea2e5f995accbc7855d806bd303fc6daeb4b2326eab4,30155
6.24/28510.0025,6.24_28510.0025_ADJUDICACION_1.pdf,6.24_28510.0025/6.24_28510.0025_ADJUDICACION_1_796a49fe8ad06e85.pdf,796a49fe8ad06e852f41f84965118ea38097815a74ccc0eb9101318947e1f4fd,18869
6.24/28510.0025,6.24_28510.0025_CONTRATO_1.pdf,6.24_28510.0025/6.24_28510.0025_CONTRATO_1_512980dda4b76c7c.pdf,512980dda4b76c7ca59b9363d01a625d85c74007783fdd4ac8a5898c95f49662,2775671
6.24/28510.0047,6.24_28510.0047_ADJUDICACION_1.pdf,6.24_28510.0047/6.24_28510.0047_ADJUDICACION_1_81141fdea699f2bc.pdf,81141fdea699f2bc605c7ee127d71147705309b6c8f2e23b505791fe801a05f3,1068842
6.24/28510.0047,6.24_28510.0047_ANEJO_1.pdf,6.24_28510.0047/6.24_28510.0047_ANEJO_1_fc5b708bc76c255f.pdf,fc5b708bc76c255f15f19fbbe213c7f877492d618e1715db07b46c8a39a752bc,322539
6.24/28510.0047,6.24_28510.0047_ANEJO_2.pdf,6.24_28510.0047/6.24_28510.0047_ANEJO_2_a7c9a76442a1783d.pdf,a7c9a76442a1783dc2ba13c31099a902f5f9a6af8ff6f0f9ed3f0798d8973a9b,1628475
6.24/28510.0047,6.24_28510.0047_ANEJO_3.pdf,6.24_28510.0047/6.24_28510.0047_ANEJO_3_3742325948d051bc.pdf,3742325948d051bc9dd1d0686f577cf1f624b9308f509afee3f15f56f9cdd14f,898098
6.24/28510.0047,6.24_28510.0047_CONTRATO_1.pdf,6.24_28510.0047/6.24_28510.0047_CONTRATO_1_7e91003427149cdd.pdf,7e91003427149cdd9297cc55d4681393e963017b917d584bb99b10496d661e5a,18660
6.24/28510.0047,6.24_28510.0047_Documento_de_Pliegos_1.pdf,6.24_28510.0047/6.24_28510.0047_Documento_de_Pliegos_1_b08899d9a2d6df80.pdf,b08899d9a2d6df805461139264daa70823f3e50443975a067fef0640f0a42b51,30296
6.24/28510.0064,6.24_28510.0064_ADJUDICACION_1.pdf,6.24_28510.0064/6.24_28510.0064_ADJUDICACION_1_2ffea4c814631b54.pdf,2ffea4c814631b54737b352822f70fe2daadca309ca02a93052fdb5e573c5d04,174446
6.24/28510.0064,6.24_28510.0064_ANEJO_1.pdf,6.24_28510.0064/6.24_28510.0064_ANEJO_1_3d7bc3c47a675f97.pdf,3d7bc3c47a675f97f0bcb0e33de07b75be86c33c60f54feeccee2c00fcef760e,738775
6.24/28510.0064,6.24_28510.0064_ANEJO_2.pdf,6.24_28510.0064/6.24_28510.0064_ANEJO_2_2c93d86a015f643b.pdf,2c93d86a015f643b569e4eddc0cf70354a759650760463dd3cd7a97207b50e73,1535258
6.24/28510.0064,6.24_28510.0064_ANEJO_3.pdf,6.24_28510.0064/6.24_28510.0064_ANEJO_3_0347db6906fac2c1.pdf,0347db6906fac2c115696c836a6c6d1d45ef30d812f4d6ed1d07987055f5aa73,673450
6.24/28510.0064,6.24_28510.0064_CONTRATO_1.pdf,6.24_28510.0064/6.24_28510.0064_CONTRATO_1_3ab287b7edbec051.pdf,3ab287b7edbec0515087fadca2ed053dcc27f2320e6ccb91d8e819bf48e3dd39,2808800
6.24/28510.0064,6.24_28510.0064_CONTRATO_2.pdf,6.24_28510.0064/6.24_28510.0064_CONTRATO_2_920a3f53bfa1a4fd.pdf,920a3f53bfa1a4fdb16fce0c70368fd555ead226cbfd865b5d9fd1d407592c36,2810259
6.24/28510.0064,6.24_28510.0064_Documento_de_Pliegos_1.pdf,6.24_28510.0064/6.24_28510.0064_Documento_de_Pliegos_1_98fa7929efe4c1d4.pdf,98fa7929efe4c1d40847f4400f543194145970f531ffb2649a417bbaf8cad230,33363
6.24/28510.0088,6.24_28510.0088_ADJUDICACION_1.pdf,6.24_28510.0088/6.24_28510.0088_ADJUDICACION_1_7cae151939ce1aa2.pdf,7cae151939ce1aa261c2f3ae6af2876c5dcd8da7b007893020f84fbc99984b42,128487
6.24/28510.0088,6.24_28510.0088_ANEJO_1.pdf,6.24_28510.0088/6.24_28510.0088_ANEJO_1_24d6e220856967e4.pdf,24d6e220856967e430542778a4420fc9d66433eb86abe27c2554c6f11e3901d5,378207
6.24/28510.0088,6.24_28510.0088_ANEJO_2.pdf,6.24_28510.0088/6.24_28510.0088_ANEJO_2_a746da6dcdbc53a9.pdf,a746da6dcdbc53a924ec4e7b0277d5e446f8b2833f204fcaa798f888587fd7d1,1503940
6.24/28510.0088,6.24_28510.0088_CONTRATO_1.pdf,6.24_28510.0088/6.24_28510.0088_CONTRATO_1_e18edcc3521f0839.pdf,e18edcc3521f083918815adfa0f4d23ba72ff660481a3ba1709dfc20f8004d53,2415093
6.24/28510.0088,6.24_28510.0088_CONTRATO_2.pdf,6.24_28510.0088/6.24_28510.0088_CONTRATO_2_8fb30c7224e4f2c8.pdf,8fb30c7224e4f2c8af66a8feafc631f785f3bbd6e80481e413910e5cf77891aa,2271767
6.24/28510.0088,6.24_28510.0088_Documento_de_Pliegos_1.pdf,6.24_28510.0088/6.24_28510.0088_Documento_de_Pliegos_1_57df7e92d5274839.pdf,57df7e92d5274839c05991df64f4771211d56d85f67dcf47f3789df4d373425d,25354
6.24/28510.0094,6.24_28510.0094_ADJUDICACION_1.pdf,6.24_28510.0094/6.24_28510.0094_ADJUDICACION_1_02e03671abb8c1dd.pdf,02e03671abb8c1dd8473eb8bc6a2e992f2e7ed3963ec133286e40cb991ccf18e,207031
6.24/28510.0094,6.24_28510.0094_CONTRATO_1.pdf,6.24_28510.0094/6.24_28510.0094_CONTRATO_1_daa55ddaf2545031.pdf,daa55ddaf254503123481cf1a6770e0f39043f307e70edf5350b47dd5c726015,2957021
6.24/28510.0094,6.24_28510.0094_CONTRATO_2.pdf,6.24_28510.0094/6.24_28510.0094_CONTRATO_2_4dfd5a15a5e0c8e6.pdf,4dfd5a15a5e0c8e6970d85d9c2eee39aabf44e8f7633e6f509efb8b956e94bf1,2956814
6.24/28510.0094,6.24_28510.0094_Documento_de_Pliegos_1.pdf,6.24_28510.0094/6.24_28510.0094_Documento_de_Pliegos_1_63d2387cc10c7165.pdf,63d2387cc10c716573c434de634c00d762508f32639f53ea0973233dddce2ef1,604995
6.24/28510.0100,2.18_04703.0021_ADJUDICACION_1.pdf,2.18_04703.0021/2.18_04703.0021_ADJUDICACION_1_70a3c1a559de06fa.pdf,70a3c1a559de06fa5e3c2bf86731cbd0510df0bcb6aec74da5b8d13849feef65,18705
6.24/28510.0100,2.18_04703.0021_CONTRATO_1.pdf,2.18_04703.0021/2.18_04703.0021_CONTRATO_1_032fd3f5f818c44c.pdf,032fd3f5f818c44c7c9b431ab1c714e1a9089b3d4ae7d97f45e372ece90bd545,18802
6.24/28510.0101,2.18_04703.0022_ADJUDICACION_1.pdf,2.18_04703.0022/2.18_04703.0022_ADJUDICACION_1_6bbf46ef18274a2e.pdf,6bbf46ef18274a2e5008bd39f46028f189b5551d0f5efaaa69a04a880b1f2612,18467
6.24/28510.0101,2.18_04703.0022_CONTRATO_1.pdf,2.18_04703.0022/2.18_04703.0022_CONTRATO_1_dc6308db1dfdb26e.pdf,dc6308db1dfdb26e1d8ade9f86262af319c02248b79c114bb4863e6e44ab60d8,18576
6.24/28510.0102,2.18_04703.0024_ADJUDICACION_1.pdf,2.18_04703.0024/2.18_04703.0024_ADJUDICACION_1_7777e3ea39e1c496.pdf,7777e3ea39e1c4963ca8638aaf48e90421eae71ae0057180390847518e12a506,18548
6.24/28510.0102,2.18_04703.0024_CONTRATO_1.pdf,2.18_04703.0024/2.18_04703.0024_CONTRATO_1_c6d275e7fafb0db5.pdf,c6d275e7fafb0db55b18a410fa3a7dfb18ac97d50c806b8228d3dd2d08f31621,18650
6.24/28510.0103,2.18_04703.0019_ADJUDICACION_1.pdf,2.18_04703.0019/2.18_04703.0019_ADJUDICACION_1_73d58b799dcd23f3.pdf,73d58b799dcd23f3f3e66b7e9ef452102e32ec66d1d15b64dbf24d5d863a6b33,18585
6.24/28510.0103,2.18_04703.0019_CONTRATO_1.pdf,2.18_04703.0019/2.18_04703.0019_CONTRATO_1_11ac2673b96c3927.pdf,11ac2673b96c3927f4b279b7c97ade566209ccc79c3567ee02767f509a1bb0ee,18754
6.24/28510.0111,2.18_04703.0025_ADJUDICACION_1.pdf,2.18_04703.0025/2.18_04703.0025_ADJUDICACION_1_4ce6dbfab6b0333b.pdf,4ce6dbfab6b0333b2c4eb55a5eb0bac9963cec22b5a28c2423b364af1fa2cda1,18657
6.24/28510.0111,2.18_04703.0025_CONTRATO_1.pdf,2.18_04703.0025/2.18_04703.0025_CONTRATO_1_b4faeed494b16cdb.pdf,b4faeed494b16cdbcc57cb10989df103669d29a695ceaede6a4701e76a4e82ab,18680
6.24/28510.0116,6.24_28510.0116_ADJUDICACION_1.pdf,6.24_28510.0116/6.24_28510.0116_ADJUDICACION_1_652306535d4b7040.pdf,652306535d4b704047e57c1742a5da9aafa1ec46ff22a4107b0a9515a20a9683,133671
6.24/28510.0116,6.24_28510.0116_ANEJO_1.pdf,6.24_28510.0116/6.24_28510.0116_ANEJO_1_4731c5f4c0b94aae.pdf,4731c5f4c0b94aae2f12af317f1d79f98bf62017701d264f22ebcc5db918f35f,510638
6.24/28510.0116,6.24_28510.0116_ANEJO_2.pdf,6.24_28510.0116/6.24_28510.0116_ANEJO_2_c4d450788b3558da.pdf,c4d450788b3558da0d6c03ba76f961584179663806c8d599d8591a52f1b36db3,2051115
6.24/28510.0116,6.24_28510.0116_CONTRATO_1.pdf,6.24_28510.0116/6.24_28510.0116_CONTRATO_1_6ce744b31648f5ed.pdf,6ce744b31648f5ed2deeb6723b3040054a9fd79f2efce42683d3b7f20601e24b,8804478
6.24/28510.0116,6.24_28510.0116_Documento_de_Pliegos_1.pdf,6.24_28510.0116/6.24_28510.0116_Documento_de_Pliegos_1_87ac808b522df5da.pdf,87ac808b522df5dab0de95a54ba76cf9322b2f446767d734d81ae46590772288,24020
6.24/28510.0117,6.24_28510.0117_ADJUDICACION_1.pdf,6.24_28510.0117/6.24_28510.0117_ADJUDICACION_1_eda352c5d2fcabfc.pdf,eda352c5d2fcabfc99be5058b42f2c18ec1943c1cd252f973304f422ac875561,146151
6.24/28510.0117,6.24_28510.0117_ANEJO_1.pdf,6.24_28510.0117/6.24_28510.0117_ANEJO_1_764df8181be86747.pdf,764df8181be86747109bc0c1100760d6dfe387dddb966f879dd2d6650c54da8b,364598
6.24/28510.0117,6.24_28510.0117_ANEJO_2.pdf,6.24_28510.0117/6.24_28510.0117_ANEJO_2_b5673b952f384d42.pdf,b5673b952f384d42c517f0e9d76777f45c8d28bd79f7fa0ddb8f343cd52c943d,2085913
6.24/28510.0117,6.24_28510.0117_ANEJO_3.pdf,6.24_28510.0117/6.24_28510.0117_ANEJO_3_5fd21eeed11aca8e.pdf,5fd21eeed11aca8ec48191ae1e4689bdffd73132b2c3a8c3cc7f955da0d1cfc5,335916
6.24/28510.0117,6.24_28510.0117_ANEJO_4.pdf,6.24_28510.0117/6.24_28510.0117_ANEJO_4_3d3fda61502ac6e0.pdf,3d3fda61502ac6e0af1478fb87fecff5c3b480035cb35b186a9cbc5571f2933c,27534
6.24/28510.0117,6.24_28510.0117_CONTRATO_1.pdf,6.24_28510.0117/6.24_28510.0117_CONTRATO_1_255ed41248729eeb.pdf,255ed41248729eeb261e7771e8a23739917c161ecb9a37faa8de3cbeb13e9944,3092501
6.24/28510.0117,6.24_28510.0117_CONTRATO_2.pdf,6.24_28510.0117/6.24_28510.0117_CONTRATO_2_243579ba88ef6eaa.pdf,243579ba88ef6eaa300aab24a082aa2ce22c59201aff1b5b8385fcf926304521,3132429
6.24/28510.0117,6.24_28510.0117_Documento_de_Pliegos_1.pdf,6.24_28510.0117/6.24_28510.0117_Documento_de_Pliegos_1_36fab0e7225a91cc.pdf,36fab0e7225a91ccab1ba0797e448fd3c0a41afa93fef7e29941ffd9c912fd7a,111579
6.24/28510.0124,6.24_28510.0124_ADJUDICACION_1.pdf,6.24_28510.0124/6.24_28510.0124_ADJUDICACION_1_9ab571918555239c.pdf,9ab571918555239cb8fb3c26c4f24eaaf2a2ccbee3bea3e81a7f9726c05653a5,112192
6.24/28510.0124,6.24_28510.0124_ANEJO_1.pdf,6.24_28510.0124/6.24_28510.0124_ANEJO_1_063a2cd8aae998b8.pdf,063a2cd8aae998b86a474de0d132871616b0ffe3ee07c216c6faaf9ad31dfe58,618908
6.24/28510.0124,6.24_28510.0124_ANEJO_2.pdf,6.24_28510.0124/6.24_28510.0124_ANEJO_2_1da5d1aa974c0506.pdf,1da5d1aa974c05060d96601d23bca049663d23e72ae65a6861a2deab86322b4e,2166582
6.24/28510.0124,6.24_28510.0124_ANEJO_3.pdf,6.24_28510.0124/6.24_28510.0124_ANEJO_3_9bb94f8928dfcddd.pdf,9bb94f8928dfcdddc7bdfb50382d6307d52a19f73a209f9ae2eb990d2831f3d0,155405
6.24/28510.0124,6.24_28510.0124_CONTRATO_1.pdf,6.24_28510.0124/6.24_28510.0124_CONTRATO_1_dbd94ef02a6e3f82.pdf,dbd94ef02a6e3f8289a8dcde673d40e5d214bf8b687825f2bc29208970da37c1,3466111
6.24/28510.0124,6.24_28510.0124_Documento_de_Pliegos_1.pdf,6.24_28510.0124/6.24_28510.0124_Documento_de_Pliegos_1_7e43ff021d195bce.pdf,7e43ff021d195bce00f30172e0e8103265b47e48b9574fe7f2aa7858f2bb671d,37822
6.24/28510.0128,6.24_28510.0128_ADJUDICACION_1.pdf,6.24_28510.0128/6.24_28510.0128_ADJUDICACION_1_65d6543296f21de2.pdf,65d6543296f21de22969350ae67dc17923d2c38b196c6b2e249c29b1513679c3,170989
6.24/28510.0128,6.24_28510.0128_ANEJO_1.pdf,6.24_28510.0128/6.24_28510.0128_ANEJO_1_89a3899c9c1f9b8e.pdf,89a3899c9c1f9b8ed4df59a424a097a165281d42ff11283e01f4f3328bc661ed,339987
6.24/28510.0128,6.24_28510.0128_ANEJO_2.pdf,6.24_28510.0128/6.24_28510.0128_ANEJO_2_a4bbe0acc828c445.pdf,a4bbe0acc828c445eae627315bb9a383105b1b5f54d4ea1fa74190f60055bd6a,2031708
6.24/28510.0128,6.24_28510.0128_CONTRATO_1.pdf,6.24_28510.0128/6.24_28510.0128_CONTRATO_1_9f5fed837721346b.pdf,9f5fed837721346b4ea533c272dc0e93a335ac81357ed0610c0beaa4e2087fef,2810498
6.24/28510.0128,6.24_28510.0128_Documento_de_Pliegos_1.pdf,6.24_28510.0128/6.24_28510.0128_Documento_de_Pliegos_1_a8bbb6556aacea32.pdf,a8bbb6556aacea32175389d264de9864b07409aa7b35105b7dc1818d58b88a14,23812
6.24/28510.0130,6.24_28510.0130_ADJUDICACION_1.pdf,6.24_28510.0130/6.24_28510.0130_ADJUDICACION_1_899c2b90d0f5e6bc.pdf,899c2b90d0f5e6bc4975bc8f9ad4bad06ee6a529007362d37a8f8d6dab68a33f,145472
6.24/28510.0130,6.24_28510.0130_ANEJO_1.pdf,6.24_28510.0130/6.24_28510.0130_ANEJO_1_7af2079ed7185148.pdf,7af2079ed718514882065913fdcffe9d1017844ff741c5a0e10a62e991eb112e,419329
6.24/28510.0130,6.24_28510.0130_ANEJO_2.pdf,6.24_28510.0130/6.24_28510.0130_ANEJO_2_602910c39dd9d2d4.pdf,602910c39dd9d2d4fd9ba30627ecbb8f9547df4aa2cea45306eb1263858385ac,2583719
6.24/28510.0130,6.24_28510.0130_CONTRATO_1.pdf,6.24_28510.0130/6.24_28510.0130_CONTRATO_1_79990f38b628a009.pdf,79990f38b628a0098f1c01a2cd2b994f7853de73c3a4c748bb3afeb6a16813e1,3868409
6.24/28510.0130,6.24_28510.0130_CONTRATO_2.pdf,6.24_28510.0130/6.24_28510.0130_CONTRATO_2_1ec5c3587fa5e755.pdf,1ec5c3587fa5e755def36a011b4a47bed6ee63c716bcc0cf7a3e06cefdefacbd,3868003
6.24/28510.0130,6.24_28510.0130_Documento_de_Pliegos_1.pdf,6.24_28510.0130/6.24_28510.0130_Documento_de_Pliegos_1_8b020113dcaa92aa.pdf,8b020113dcaa92aa9ec361068510d8d96c5dfae46a9b6a7f5bc97ef9ed747a52,31840
6.24/28510.0180,6.24_28510.0180_ADJUDICACION_1.pdf,6.24_28510.0180/6.24_28510.0180_ADJUDICACION_1_7066186a3a1fb80d.pdf,7066186a3a1fb80d8bdb1f96b25d4705e123af6e434b06cdc9c1035a13902b46,133041
6.24/28510.0180,6.24_28510.0180_ANEJO_1.pdf,6.24_28510.0180/6.24_28510.0180_ANEJO_1_1622e8f01f6c5e72.pdf,1622e8f01f6c5e72c73ae3551b8041ec06fa99ba18c67ce3f2a198de9a0410dc,392884
6.24/28510.0180,6.24_28510.0180_ANEJO_2.pdf,6.24_28510.0180/6.24_28510.0180_ANEJO_2_665e25f41fd4fe8f.pdf,665e25f41fd4fe8faa432f933519ff5e85ce034f925625e90a029a92b89b8e1e,1837591
6.24/28510.0180,6.24_28510.0180_CONTRATO_1.pdf,6.24_28510.0180/6.24_28510.0180_CONTRATO_1_6a56ef803377c7ea.pdf,6a56ef803377c7ea6b13fd2b2f61ac12bbc536f6d9eeb27b4da60ca79416d51d,2759571
6.24/28510.0180,6.24_28510.0180_Documento_de_Pliegos_1.pdf,6.24_28510.0180/6.24_28510.0180_Documento_de_Pliegos_1_e08905a5a1123fb5.pdf,e08905a5a1123fb54736a6e6a5f35201dfa3bdb7995b8a6d99861a55e79051eb,24080
6.24/28510.0185,6.24_28510.0185_ADJUDICACION_1.pdf,6.24_28510.0185/6.24_28510.0185_ADJUDICACION_1_815b51c8158c32bb.pdf,815b51c8158c32bbec0de9b7c4eceb048f97bec449b1a3b4eb06a588cb62cb9e,126980
6.24/28510.0185,6.24_28510.0185_ANEJO_1.pdf,6.24_28510.0185/6.24_28510.0185_ANEJO_1_63b75c2bd093b197.pdf,63b75c2bd093b1979efd5e0967096dc14b606e4c2b84e028eaf07cd9688660dd,445950
6.24/28510.0185,6.24_28510.0185_ANEJO_2.pdf,6.24_28510.0185/6.24_28510.0185_ANEJO_2_9515659ebd265c4f.pdf,9515659ebd265c4f83d0eccb705838eb697502534646aef86c8f286c0f9255f1,1860346
6.24/28510.0185,6.24_28510.0185_CONTRATO_1.pdf,6.24_28510.0185/6.24_28510.0185_CONTRATO_1_c163c9a09bc3c9f7.pdf,c163c9a09bc3c9f72d6b881ea497f4d1e7202406b5a53c048f8d6393a3918e05,2928715
6.24/28510.0185,6.24_28510.0185_Documento_de_Pliegos_1.pdf,6.24_28510.0185/6.24_28510.0185_Documento_de_Pliegos_1_3290f0bb31d1efa0.pdf,3290f0bb31d1efa08bf7cc773c2f5729a2e10f5a9a48fd1c02bd212157e07a0d,25117
6.24/28510.0187,6.24_28510.0187_ADJUDICACION_1.pdf,6.24_28510.0187/6.24_28510.0187_ADJUDICACION_1_6eae28443bf24ab7.pdf,6eae28443bf24ab73aa46377c58c92e16a2f42cc40db63900e7da6e2f5a47317,125795
6.24/28510.0187,6.24_28510.0187_ANEJO_1.pdf,6.24_28510.0187/6.24_28510.0187_ANEJO_1_a6c7e2ac6c9c1977.pdf,a6c7e2ac6c9c1977d9c1271006741bd5111b3a6dbdf2f748744fbcbf2703db92,250395
6.24/28510.0187,6.24_28510.0187_ANEJO_2.pdf,6.24_28510.0187/6.24_28510.0187_ANEJO_2_60da0a568c7e8c06.pdf,60da0a568c7e8c0603a66a6c89a9a5ae5dbf25bb2c1f023f5faf094a9a9d18cd,1833314
6.24/28510.0187,6.24_28510.0187_ANEJO_3.pdf,6.24_28510.0187/6.24_28510.0187_ANEJO_3_73c52b1846845f63.pdf,73c52b1846845f635eb97d2a99ff47b2ee51b432012202d2fe5f12e2f34625fa,935000
6.24/28510.0187,6.24_28510.0187_CONTRATO_1.pdf,6.24_28510.0187/6.24_28510.0187_CONTRATO_1_5ea2da66d2b42d9b.pdf,5ea2da66d2b42d9bdc6a54d6a5e85638e2a89175984a6b1140580b2858daafbd,14058138
6.24/28510.0187,6.24_28510.0187_Documento_de_Pliegos_1.pdf,6.24_28510.0187/6.24_28510.0187_Documento_de_Pliegos_1_556b1eb1b56f4715.pdf,556b1eb1b56f4715687c238dec180171a0de88fa4054fa061b3c89ba70f703e0,33584
6.24/28510.0193,6.24_28510.0193_ADJUDICACION_1.pdf,6.24_28510.0193/6.24_28510.0193_ADJUDICACION_1_2cbd6646d62674dd.pdf,2cbd6646d62674ddb05a82358d78ee16a555fad11968851ee4548e0a56644097,19101
6.24/28510.0193,6.24_28510.0193_CONTRATO_1.pdf,6.24_28510.0193/6.24_28510.0193_CONTRATO_1_b2f6f1f5893725d5.pdf,b2f6f1f5893725d517409e76c96e8a9c4764a44d1bd30f7a83aa2184c88bdd15,14746097
6.24/28510.0203,6.24_28510.0203_ADJUDICACION_1.pdf,6.24_28510.0203/6.24_28510.0203_ADJUDICACION_1_a7b385f1e191e2c4.pdf,a7b385f1e191e2c4653a54439fb8cf34b796ef3b9c643c081f911f898885f958,171581
6.24/28510.0203,6.24_28510.0203_ANEJO_1.pdf,6.24_28510.0203/6.24_28510.0203_ANEJO_1_97f9da0e1ddcc374.pdf,97f9da0e1ddcc374575570a5a5b356b56b73cf15ab36716fd15804e9f8700e2e,1645311
6.24/28510.0203,6.24_28510.0203_ANEJO_2.pdf,6.24_28510.0203/6.24_28510.0203_ANEJO_2_4df54fe025ffb911.pdf,4df54fe025ffb91170edc32b3488716d876fecd97ddf8277f104f511766b38e5,2161106
6.24/28510.0203,6.24_28510.0203_ANEJO_3.pdf,6.24_28510.0203/6.24_28510.0203_ANEJO_3_2567b7b8b5649d85.pdf,2567b7b8b5649d856d9962ab6790a80befd77e9187e35ac79d0a1a1708085093,26449
6.24/28510.0203,6.24_28510.0203_CONTRATO_1.pdf,6.24_28510.0203/6.24_28510.0203_CONTRATO_1_bfda487aec7542ad.pdf,bfda487aec7542adecdb0bf19716426fcfb15d5edda81e2689fa7a4576b0e21e,4829445
6.24/28510.0203,6.24_28510.0203_CONTRATO_2.pdf,6.24_28510.0203/6.24_28510.0203_CONTRATO_2_b7320f26543f5d58.pdf,b7320f26543f5d58e8df737c72fb9194fa90cbcee7115023df2b7f7baed5b6f9,4258900
6.24/28510.0203,6.24_28510.0203_Documento_de_Pliegos_1.pdf,6.24_28510.0203/6.24_28510.0203_Documento_de_Pliegos_1_1128d07ae6baf6e6.pdf,1128d07ae6baf6e6c7402fe1a51c21d2163b56b76d19d3acaa5bcc777666e577,40188
6.25/28510.0016,6.25_28510.0016_ADJUDICACION_1.pdf,6.25_28510.0016/6.25_28510.0016_ADJUDICACION_1_36f56e1a32788736.pdf,36f56e1a32788736a6238551682b3cddfc29222ff49a24d41c699379d155fe30,126548
6.25/28510.0016,6.25_28510.0016_ANEJO_1.pdf,6.25_28510.0016/6.25_28510.0016_ANEJO_1_82c213edcd1a1e22.pdf,82c213edcd1a1e22b439f4c24ca6a7a0c2f159b8e53998b3c0bab97698ba6bd9,1006897
6.25/28510.0016,6.25_28510.0016_ANEJO_2.pdf,6.25_28510.0016/6.25_28510.0016_ANEJO_2_304f8c0c6ee6e272.pdf,304f8c0c6ee6e27294a5480f38ab6856d2edad694f1fc9704e7b219e35853588,1894002
6.25/28510.0016,6.25_28510.0016_ANEJO_3.pdf,6.25_28510.0016/6.25_28510.0016_ANEJO_3_69abdb2807f4cf00.pdf,69abdb2807f4cf0042acccbeb41298849fc24dbc5ecde978d300e18b053027e5,656431
6.25/28510.0016,6.25_28510.0016_CONTRATO_1.pdf,6.25_28510.0016/6.25_28510.0016_CONTRATO_1_dad4a572347baf31.pdf,dad4a572347baf31e6565dc665bfbc8fdea061d25047fbe72a726017d3bec571,3247411
6.25/28510.0016,6.25_28510.0016_Documento_de_Pliegos_1.pdf,6.25_28510.0016/6.25_28510.0016_Documento_de_Pliegos_1_3f7b7752d87b64cf.pdf,3f7b7752d87b64cf2c520bdc141fde805bfdcdd1e98bc15b4c2708b4817347cc,24952
6.25/28510.0019,6.25_28510.0019_ADJUDICACION_1.pdf,6.25_28510.0019/6.25_28510.0019_ADJUDICACION_1_e41219814e3ac290.pdf,e41219814e3ac2907d2848fedc4ba917b2e3e194765160d91662ababf3dc52f7,207798
6.25/28510.0019,6.25_28510.0019_ANEJO_1.pdf,6.25_28510.0019/6.25_28510.0019_ANEJO_1_6fe4b31497eb59be.pdf,6fe4b31497eb59bec7f46eb3672b9fc90617ae87d8b4bc1316c088c43b8e1eb7,685401
6.25/28510.0019,6.25_28510.0019_ANEJO_2.pdf,6.25_28510.0019/6.25_28510.0019_ANEJO_2_ba55afb7e95fed6a.pdf,ba55afb7e95fed6aa54f43eaa6802378451935c76c714b8b911e2ef772b7edf4,2017565
6.25/28510.0019,6.25_28510.0019_CONTRATO_1.pdf,6.25_28510.0019/6.25_28510.0019_CONTRATO_1_b1004133ce5a1e1f.pdf,b1004133ce5a1e1f739637e2818b8932149f06422a0fea1f292e602ac4eebad6,3282694
6.25/28510.0019,6.25_28510.0019_CONTRATO_2.pdf,6.25_28510.0019/6.25_28510.0019_CONTRATO_2_5cee5a2ee44282c9.pdf,5cee5a2ee44282c9c457e61284361e085a065c6b24b3aaa12951557914fc6f16,3424947
6.25/28510.0019,6.25_28510.0019_Documento_de_Pliegos_1.pdf,6.25_28510.0019/6.25_28510.0019_Documento_de_Pliegos_1_43e3412510be0539.pdf,43e3412510be053959b3336c97d59e2f647541890391cae44b20cc1de344106e,31395
6.25/28510.0027,6.25_28510.0027_ADJUDICACION_1.pdf,6.25_28510.0027/6.25_28510.0027_ADJUDICACION_1_b044a741f12475f7.pdf,b044a741f12475f74eb53965c1f3a9d0cae3a1e26255a11fada4317504f285ec,114812
6.25/28510.0027,6.25_28510.0027_ANEJO_1.pdf,6.25_28510.0027/6.25_28510.0027_ANEJO_1_6aba703be58537d6.pdf,6aba703be58537d6c23a6f57544ff54babac3272467a2e7a1909adabab8aeaa9,554731
6.25/28510.0027,6.25_28510.0027_ANEJO_2.pdf,6.25_28510.0027/6.25_28510.0027_ANEJO_2_5fff65d95449cd72.pdf,5fff65d95449cd72854c7c9aa3d52002989c62ec70a4da26bb31abe4ec3006af,2092178
6.25/28510.0027,6.25_28510.0027_CONTRATO_1.pdf,6.25_28510.0027/6.25_28510.0027_CONTRATO_1_b0fbf3f8954bce2c.pdf,b0fbf3f8954bce2c41bb172f762e0b0e78c1acce5fda29a6c6d100528e855b23,3170742
6.25/28510.0027,6.25_28510.0027_CONTRATO_2.pdf,6.25_28510.0027/6.25_28510.0027_CONTRATO_2_5785b9218dd105f1.pdf,5785b9218dd105f105aaf63b4fbbe79a2195130679b12e7c1b7512c90110b209,3170601
6.25/28510.0027,6.25_28510.0027_Documento_de_Pliegos_1.pdf,6.25_28510.0027/6.25_28510.0027_Documento_de_Pliegos_1_82edc6104552ea06.pdf,82edc6104552ea06e48d8e0affc5f6a7595ed86873c4b6b36e18b242c7fe1cc5,31311
6.25/28510.0028,6.25_28510.0028_ADJUDICACION_1.pdf,6.25_28510.0028/6.25_28510.0028_ADJUDICACION_1_52ebfa7a479ff631.pdf,52ebfa7a479ff631f3ce3f8c60b60c5befcd05c93b043f381baf25452da300ff,143726
6.25/28510.0028,6.25_28510.0028_ANEJO_1.pdf,6.25_28510.0028/6.25_28510.0028_ANEJO_1_083e9e22b7f363a7.pdf,083e9e22b7f363a78c733d1c866b637781fa2b1ace15fffd030f22246eb070c9,559273
6.25/28510.0028,6.25_28510.0028_ANEJO_2.pdf,6.25_28510.0028/6.25_28510.0028_ANEJO_2_e310c4751fe4317a.pdf,e310c4751fe4317a61cb68431d2a84d5677891bc56f639b7b84cac322d17b414,2132833
6.25/28510.0028,6.25_28510.0028_CONTRATO_1.pdf,6.25_28510.0028/6.25_28510.0028_CONTRATO_1_ac9a4596374ae594.pdf,ac9a4596374ae5944b241e6d527441d4d3e890c2c2f8e11ecb9ab6d8ef1110a9,3369670
6.25/28510.0028,6.25_28510.0028_CONTRATO_2.pdf,6.25_28510.0028/6.25_28510.0028_CONTRATO_2_a9fd4855b3dc95cc.pdf,a9fd4855b3dc95cc8953b28fb5fea43f1154ec29ec14d2b238aed56ab1210c26,3538854
6.25/28510.0028,6.25_28510.0028_Documento_de_Pliegos_1.pdf,6.25_28510.0028/6.25_28510.0028_Documento_de_Pliegos_1_b051276758391765.pdf,b051276758391765d93554bfbbb6236c584b569a2e7300d34b53e058616f9964,30697
6.25/28510.0175,2.24_04110.0036_ADJUDICACION_1.pdf,2.24_04110.0036/2.24_04110.0036_ADJUDICACION_1_c11587e5576f4e0b.pdf,c11587e5576f4e0bcb021b035c70516142b5bca3c93a3b72f668610b681462d7,18620
6.25/28510.0175,2.24_04110.0036_CONTRATO_1.pdf,2.24_04110.0036/2.24_04110.0036_CONTRATO_1_af4868733b0b1962.pdf,af4868733b0b19622a7af30a5bb64baa96a4909ca6bfca2c89f8f64465a0351d,18802
6.25/28510.0215,2.24_04110.0035_ADJUDICACION_1.pdf,2.24_04110.0035/2.24_04110.0035_ADJUDICACION_1_1c4ddd0b161f92dd.pdf,1c4ddd0b161f92dd69403238b6697ea0e14d0a87d61727a164f5cb31c77793ac,21979
6.25/28510.0215,2.24_04110.0035_CONTRATO_1.pdf,2.24_04110.0035/2.24_04110.0035_CONTRATO_1_04d8fe6f87c4beca.pdf,04d8fe6f87c4beca516cffb6cda05d9ce426d489710f027f0ab6f387d64c6a19,22228
6.25/28510.0248,2.24_04110.0037_ADJUDICACION_1.pdf,2.24_04110.0037/2.24_04110.0037_ADJUDICACION_1_b356eb4f2679eea3.pdf,b356eb4f2679eea33e9c8ef9eb4ee2a045f240f2982e92534740dbaf5f9d58f9,21533
6.25/28510.0248,2.24_04110.0037_CONTRATO_1.pdf,2.24_04110.0037/2.24_04110.0037_CONTRATO_1_0d4cc32c208962af.pdf,0d4cc32c208962aff9a82bce28d938d07af192f267670eff94eb082d87283c67,21845
6.26/28510.0016,ADJUDICACION_1.pdf,6.26_28510.0016/ADJUDICACION_921c891cbe202ca8.pdf,921c891cbe202ca875bb7d9fbd7d7e0e8bb48e4de85f2739e121ea7bc6e2d30d,156047
6.26/28510.0016,ANEJO_1.pdf,6.26_28510.0016/ANEJO_7671e97073c5262b.pdf,7671e97073c5262b8b280f705e6ebe56651f1cbd720c4632f158d6ff89a3ec36,10145603
6.26/28510.0016,ANEJO_2.pdf,6.26_28510.0016/ANEJO_1b29c013e616d6bb.pdf,1b29c013e616d6bbd574b15cbd522ab52ee927df2a25e8474535d4a567593e48,1602518
6.26/28510.0016,PLIEGO_1.pdf,6.26_28510.0016/PLIEGO_80d1171907273534.pdf,80d11719072735341a0c765714b140b162657b61c3b6873746bdbcf89e506252,90021
